mean,std,min,max,missing_count
-1.0086274445520853,3.090283987406469,-6.977315600101831,3.851726853338807,0
0.6536632778001784,3.4438096356395325,-4.841536931788468,8.082185192523777,0
